{
  "images" : [
    {
      "filename" : "261-2611214_picture-transparent-supermarket-remove-shopping-icon-e-shopping.png",
      "idiom" : "universal",
      "scale" : "1x"
    },
    {
      "filename" : "261-2611214_picture-transparent-supermarket-remove-shopping-icon-e-shopping@2x.png",
      "idiom" : "universal",
      "scale" : "2x"
    },
    {
      "filename" : "261-2611214_picture-transparent-supermarket-remove-shopping-icon-e-shopping@3x.png",
      "idiom" : "universal",
      "scale" : "3x"
    }
  ],
  "info" : {
    "author" : "xcode",
    "version" : 1
  }
}
